epoch,acc_avg,acc_y:0_sentence2_has_negation:0,count_y:0_sentence2_has_negation:0,acc_y:0_sentence2_has_negation:1,count_y:0_sentence2_has_negation:1,acc_y:1_sentence2_has_negation:0,count_y:1_sentence2_has_negation:0,acc_y:1_sentence2_has_negation:1,count_y:1_sentence2_has_negation:1,acc_y:2_sentence2_has_negation:0,count_y:2_sentence2_has_negation:0,acc_y:2_sentence2_has_negation:1,count_y:2_sentence2_has_negation:1,acc_wg
0,0.36125612258911133,0.3663496673107147,59304.0,0.3905602693557739,150174.0,0.3758450746536255,68930.0,0.30174875259399414,19957.0,0.31939196586608887,68286.0,0.29745498299598694,26051.0,0.29745498299598694
1,0.4051723778247833,0.30637893080711365,58803.0,0.42621803283691406,149935.0,0.4906359314918518,68560.0,0.33800652623176575,20186.0,0.4167722463607788,68661.0,0.30553150177001953,26557.0,0.30553150177001953
2,0.45128875970840454,0.24737600982189178,58975.0,0.48433607816696167,150154.0,0.6041283011436462,68939.0,0.4006217420101166,19944.0,0.47254708409309387,68408.0,0.3022601008415222,26282.0,0.24737600982189178
