epoch,batch,loss_group:0,loss_group:1,loss_group:2,loss_group:3,loss_group:4,loss_avg,acc_group:0,acc_group:1,acc_group:2,acc_group:3,acc_group:4,acc_avg,objective,alpha_group:0,alpha_group:1,alpha_group:2,alpha_group:3,alpha_group:4,count_group:0,count_group:1,count_group:2,count_group:3,count_group:4,count
0,1049,0.09329617023468018,nan,nan,0.10902068018913269,0.18209302425384521,0.13814614870814707,0.9672269821166992,nan,nan,0.9600122570991516,0.9271302223205566,0.946930870083434,0.042861122986036324,1.0,nan,nan,0.9994611144065857,0.9998726844787598,6011.0,0.0,0.0,12879.0,14670.0,33560
1,1049,0.08322262018918991,nan,nan,0.07390505820512772,0.16362334787845612,0.11479226227159274,0.9705541133880615,nan,nan,0.9756969213485718,0.9379687309265137,0.9582836710369481,0.03704634575451884,1.0,nan,nan,0.9984352588653564,0.9983734488487244,6011.0,0.0,0.0,12879.0,14670.0,33560
2,1049,0.0832609087228775,nan,nan,0.06758806109428406,0.07343433797359467,0.07295083089623966,0.9745466709136963,nan,nan,0.9795791506767273,0.9789363145828247,0.9783969010869139,0.023530326202218732,0.9990518689155579,nan,nan,0.9989989399909973,1.0,6011.0,0.0,0.0,12879.0,14670.0,33560
3,1049,0.1313650757074356,nan,nan,0.07811711728572845,0.1103578507900238,0.10174783191935588,0.9524205327033997,nan,nan,0.9735231399536133,0.9644857048988342,0.9657926102502981,0.03201074565963934,0.9999945163726807,nan,nan,0.9997757077217102,1.0,6011.0,0.0,0.0,12879.0,14670.0,33560
4,1049,0.13187113404273987,nan,nan,0.16735439002513885,0.11501698940992355,0.13812082392453298,0.9610711336135864,nan,nan,0.95675128698349,0.9570555090904236,0.9576579261309208,0.04855184148224488,0.9689175486564636,nan,nan,0.9665843844413757,1.0,6011.0,0.0,0.0,12879.0,14670.0,33560
