epoch,acc_avg,acc_y:0_sentence2_has_negation:0,count_y:0_sentence2_has_negation:0,acc_y:0_sentence2_has_negation:1,count_y:0_sentence2_has_negation:1,acc_y:1_sentence2_has_negation:0,count_y:1_sentence2_has_negation:0,acc_y:1_sentence2_has_negation:1,count_y:1_sentence2_has_negation:1,acc_y:2_sentence2_has_negation:0,count_y:2_sentence2_has_negation:0,acc_y:2_sentence2_has_negation:1,count_y:2_sentence2_has_negation:1,acc_wg
0,0.36623698472976685,0.3995140492916107,58854.0,0.4075798988342285,149870.0,0.3317682445049286,69006.0,0.3073020279407501,20104.0,0.3225697875022888,68410.0,0.30561643838882446,26458.0,0.30561643838882446
1,0.39507821202278137,0.33579668402671814,58592.0,0.4201609194278717,150747.0,0.44457051157951355,68754.0,0.32201457023620605,20173.0,0.3996737003326416,68033.0,0.29852667450904846,26403.0,0.29852667450904846
2,0.4430076777935028,0.30054450035095215,58953.0,0.49949026107788086,150073.0,0.5302926898002625,68845.0,0.32755133509635925,19774.0,0.44701075553894043,68278.0,0.2907502055168152,26779.0,0.2907502055168152
