epoch,acc_avg,acc_y:0_sentence2_has_negation:0,count_y:0_sentence2_has_negation:0,acc_y:0_sentence2_has_negation:1,count_y:0_sentence2_has_negation:1,acc_y:1_sentence2_has_negation:0,count_y:1_sentence2_has_negation:0,acc_y:1_sentence2_has_negation:1,count_y:1_sentence2_has_negation:1,acc_y:2_sentence2_has_negation:0,count_y:2_sentence2_has_negation:0,acc_y:2_sentence2_has_negation:1,count_y:2_sentence2_has_negation:1,acc_wg
0,0.3627992868423462,0.3922758102416992,58854.0,0.39997997879981995,149870.0,0.3296959698200226,69006.0,0.3030740022659302,20104.0,0.3281245529651642,68410.0,0.30799758434295654,26458.0,0.3030740022659302
1,0.3948184549808502,0.3358820378780365,58592.0,0.42081767320632935,150747.0,0.44036710262298584,68754.0,0.31794974207878113,20173.0,0.39945319294929504,68033.0,0.3053440749645233,26403.0,0.3053440749645233
2,0.4405350685119629,0.2960493862628937,58953.0,0.492906779050827,150073.0,0.5328055620193481,68845.0,0.32380902767181396,19774.0,0.4509505331516266,68278.0,0.2875387370586395,26779.0,0.2875387370586395
