epoch,acc_avg,acc_y:0_sentence2_has_negation:0,count_y:0_sentence2_has_negation:0,acc_y:0_sentence2_has_negation:1,count_y:0_sentence2_has_negation:1,acc_y:1_sentence2_has_negation:0,count_y:1_sentence2_has_negation:0,acc_y:1_sentence2_has_negation:1,count_y:1_sentence2_has_negation:1,acc_y:2_sentence2_has_negation:0,count_y:2_sentence2_has_negation:0,acc_y:2_sentence2_has_negation:1,count_y:2_sentence2_has_negation:1,acc_wg
0,0.352022647857666,0.34901008009910583,109504.0,0.36459648609161377,21399.0,0.3796800971031189,128042.0,0.28596431016921997,2857.0,0.32677075266838074,127135.0,0.3304116725921631,3765.0,0.28596431016921997
1,0.406695157289505,0.38785797357559204,109504.0,0.5565680861473083,21399.0,0.4867387115955353,128042.0,0.25656282901763916,2857.0,0.32588979601860046,127135.0,0.22310757637023926,3765.0,0.22310757637023926
2,0.4600995182991028,0.4734712839126587,109504.0,0.8366279006004333,21399.0,0.5816216468811035,128042.0,0.1858592927455902,2857.0,0.27973413467407227,127135.0,0.09694555401802063,3765.0,0.09694555401802063
