epoch,acc_avg,acc_y:0_sentence2_has_negation:0,count_y:0_sentence2_has_negation:0,acc_y:0_sentence2_has_negation:1,count_y:0_sentence2_has_negation:1,acc_y:1_sentence2_has_negation:0,count_y:1_sentence2_has_negation:0,acc_y:1_sentence2_has_negation:1,count_y:1_sentence2_has_negation:1,acc_y:2_sentence2_has_negation:0,count_y:2_sentence2_has_negation:0,acc_y:2_sentence2_has_negation:1,count_y:2_sentence2_has_negation:1,acc_wg
0,0.3610396683216095,0.34694623947143555,109504.0,0.36613860726356506,21399.0,0.35211101174354553,128042.0,0.2950647473335266,2857.0,0.38298657536506653,127135.0,0.35458168387413025,3765.0,0.2950647473335266
1,0.4526740312576294,0.42223113775253296,109504.0,0.6874620318412781,21399.0,0.5176191926002502,128042.0,0.23766188323497772,2857.0,0.38680142164230347,127135.0,0.18247011303901672,3765.0,0.18247011303901672
2,0.5145530104637146,0.49893155694007874,109504.0,0.9528482556343079,21399.0,0.5943284034729004,128042.0,0.14560727775096893,2857.0,0.3958941400051117,127135.0,0.051527224481105804,3765.0,0.051527224481105804
