epoch,acc_avg,acc_y:0_sentence2_has_negation:0,count_y:0_sentence2_has_negation:0,acc_y:0_sentence2_has_negation:1,count_y:0_sentence2_has_negation:1,acc_y:1_sentence2_has_negation:0,count_y:1_sentence2_has_negation:0,acc_y:1_sentence2_has_negation:1,count_y:1_sentence2_has_negation:1,acc_y:2_sentence2_has_negation:0,count_y:2_sentence2_has_negation:0,acc_y:2_sentence2_has_negation:1,count_y:2_sentence2_has_negation:1,acc_wg
0,0.36436790227890015,0.38012611865997314,59304.0,0.4034320116043091,150174.0,0.36965036392211914,68930.0,0.2968883216381073,19957.0,0.3079987168312073,68286.0,0.28877970576286316,26051.0,0.28877970576286316
1,0.4096184968948364,0.30995017290115356,58803.0,0.4346350133419037,149935.0,0.4952450394630432,68560.0,0.33726343512535095,20186.0,0.4166848659515381,68661.0,0.3047407567501068,26557.0,0.3047407567501068
2,0.456045538187027,0.2511233687400818,58975.0,0.4969831109046936,150154.0,0.6044474244117737,68939.0,0.3966104984283447,19944.0,0.47206467390060425,68408.0,0.29613423347473145,26282.0,0.2511233687400818
