epoch,acc_avg,acc_y:0_sentence2_has_negation:0,count_y:0_sentence2_has_negation:0,acc_y:0_sentence2_has_negation:1,count_y:0_sentence2_has_negation:1,acc_y:1_sentence2_has_negation:0,count_y:1_sentence2_has_negation:0,acc_y:1_sentence2_has_negation:1,count_y:1_sentence2_has_negation:1,acc_y:2_sentence2_has_negation:0,count_y:2_sentence2_has_negation:0,acc_y:2_sentence2_has_negation:1,count_y:2_sentence2_has_negation:1,acc_wg
0,0.717190146446228,0.6513095498085022,109504.0,0.9557923078536987,21399.0,0.7661001682281494,128042.0,0.6132306456565857,2857.0,0.6978093981742859,127135.0,0.34714475274086,3765.0,0.34714475274086
1,0.7618728876113892,0.7202933430671692,109504.0,0.9599514007568359,21399.0,0.8071882724761963,128042.0,0.682184100151062,2857.0,0.7301215529441833,127135.0,0.4369190037250519,3765.0,0.4369190037250519
2,0.768455445766449,0.7264940142631531,109504.0,0.9593906402587891,21399.0,0.8155527114868164,128042.0,0.7024851441383362,2857.0,0.7359971404075623,127135.0,0.4480743706226349,3765.0,0.4480743706226349
