epoch,acc_avg,acc_y:0_sentence2_has_negation:0,count_y:0_sentence2_has_negation:0,acc_y:0_sentence2_has_negation:1,count_y:0_sentence2_has_negation:1,acc_y:1_sentence2_has_negation:0,count_y:1_sentence2_has_negation:0,acc_y:1_sentence2_has_negation:1,count_y:1_sentence2_has_negation:1,acc_y:2_sentence2_has_negation:0,count_y:2_sentence2_has_negation:0,acc_y:2_sentence2_has_negation:1,count_y:2_sentence2_has_negation:1,acc_wg
0,0.36057621240615845,0.3743859827518463,59038.0,0.393109530210495,150004.0,0.34238916635513306,68501.0,0.26961496472358704,19921.0,0.3358944356441498,68590.0,0.32512760162353516,26648.0,0.26961496472358704
1,0.4127480983734131,0.3026701807975769,58985.0,0.4548592269420624,150374.0,0.4680255055427551,68539.0,0.2679237723350525,19834.0,0.43092384934425354,68562.0,0.3369433581829071,26408.0,0.2679237723350525
2,0.47729066014289856,0.25736376643180847,59107.0,0.5707809925079346,149786.0,0.5711495876312256,69122.0,0.2898499667644501,19862.0,0.48119479417800903,68598.0,0.3233690559864044,26227.0,0.25736376643180847
