epoch,acc_avg,acc_y:0_sentence2_has_negation:0,count_y:0_sentence2_has_negation:0,acc_y:0_sentence2_has_negation:1,count_y:0_sentence2_has_negation:1,acc_y:1_sentence2_has_negation:0,count_y:1_sentence2_has_negation:0,acc_y:1_sentence2_has_negation:1,count_y:1_sentence2_has_negation:1,acc_y:2_sentence2_has_negation:0,count_y:2_sentence2_has_negation:0,acc_y:2_sentence2_has_negation:1,count_y:2_sentence2_has_negation:1,acc_wg
0,0.3557863235473633,0.35859954357147217,59038.0,0.37684327363967896,150004.0,0.34903138875961304,68501.0,0.27523717284202576,19921.0,0.34532731771469116,68590.0,0.3355223536491394,26648.0,0.27523717284202576
1,0.4078156054019928,0.2968212366104126,58985.0,0.44139277935028076,150374.0,0.4684778153896332,68539.0,0.2733689546585083,19834.0,0.4328053295612335,68562.0,0.3431914448738098,26408.0,0.2733689546585083
2,0.46851810812950134,0.24794018268585205,59107.0,0.5460657477378845,149786.0,0.5707300305366516,69122.0,0.2979559004306793,19862.0,0.48583048582077026,68598.0,0.3372478783130646,26227.0,0.24794018268585205
